,ticker,date,short_entry,cover_price,pnl,stop_loss_hit,shares,portfolio_value_after_trade,return_pct,slippage_commission,day_of_week
0,GERN,2023-01-04T00:00:00.000,3.73,3.215,762.1447721179629,false,1608.5790884718504,75762.14477211796,1.0059704281213115,60.97158176943704,Wednesday
1,VYNT,2023-01-05T00:00:00.000,1.275,1.18,411.29411764705856,false,4705.882352941175,76173.43888976502,0.5399442688182504,32.90352941176469,Thursday
2,RKLY,2023-01-05T00:00:00.000,0.1841,0.1841,0,false,32590.98316132536,76173.43888976502,0,0,Thursday
3,HKD,2023-01-05T00:00:00.000,19.2,19.2,-1620,true,312.49999999999994,74553.43888976502,-2.1729379947118708,129.6,Thursday
4,SPRB,2023-01-06T00:00:00.000,2.69,2.3697,657.2698884758366,false,2230.483271375465,75210.70877824086,0.873904659526345,52.581591078066936,Friday
5,MGAM,2023-01-06T00:00:00.000,1.46,1.19,1020.8219178082195,false,4109.589041095891,76231.53069604909,1.339107202082099,81.66575342465757,Friday
6,CTMX,2023-01-06T00:00:00.000,2.7899,2.4014,768.6727122835938,false,2150.614717373383,77000.20340833267,0.998273612612835,61.493816982687505,Friday
7,LHDX,2023-01-09T00:00:00.000,0.4338,0.3718,788.9349930843707,false,13831.258644536654,77789.13840141705,1.014196852281885,63.11479944674966,Monday
8,AMYT,2023-01-09T00:00:00.000,14.5,14.5639,-28.556689655172548,false,413.7931034482759,77760.58171176187,-0.03672386320491367,2.2845351724138037,Monday
9,ZOM,2023-01-09T00:00:00.000,0.246,0.2496,-94.82926829268273,false,24390.243902439026,77665.75244346919,-0.12209920757763391,7.586341463414619,Monday
10,CNTX,2023-01-09T00:00:00.000,0.9675,0.762,1172.4651162790697,false,6201.550387596898,78838.21755974826,1.4871786204330486,93.79720930232557,Monday
11,APGN,2023-01-09T00:00:00.000,1.93,2.0701,-470.3875647668396,false,3108.8082901554394,78367.82999498141,-0.6002304323048918,37.63100518134717,Monday
12,BWEN,2023-01-11T00:00:00.000,3.7,3.7,-1620,true,1621.621621621622,76747.82999498141,-2.1108088660043323,129.6,Wednesday
13,PRTY,2023-01-11T00:00:00.000,0.521,0.4413,844.42226487524,false,11516.314779270635,77592.25225985664,1.088281677978966,67.5537811900192,Wednesday
14,BBAI,2023-01-12T00:00:00.000,2.87,3.12,-564.4599303135886,false,2090.592334494773,77027.79232954305,-0.7328003480856572,45.15679442508709,Thursday
15,XRTX,2023-01-19T00:00:00.000,10.26,8.91,726.3157894736842,false,584.795321637427,77754.10811901673,0.9341188614264939,58.10526315789473,Thursday
16,NOGNW,2023-01-19T00:00:00.000,0.078,0.078,-1620,true,76923.07692307691,76134.10811901673,-2.127824230195924,129.6,Thursday
17,COSM,2023-01-23T00:00:00.000,4.53,4.72,-271.7880794701979,false,1324.5033112582778,75862.32003954654,-0.3582649190382215,21.74304635761583,Monday
18,BXRX,2023-01-24T00:00:00.000,6.1,4.285,1642.426229508196,false,983.606557377049,77504.74626905474,2.11912987084246,131.39409836065568,Tuesday
19,XM,2023-01-26T00:00:00.000,14.44,14.44,0,false,415.5124653739611,77504.74626905474,0,0,Thursday
20,BZFD,2023-01-26T00:00:00.000,5.96,5.08,815.0335570469796,false,1006.711409395973,78319.77982610172,1.0406484273278722,65.20268456375837,Thursday
21,QNCX,2023-01-27T00:00:00.000,1.23,1.19,179.51219512195132,false,4878.048780487803,78499.29202122366,0.22868001799738147,14.360975609756107,Friday
22,LCID,2023-01-30T00:00:00.000,12.3908,12.045,154.05107014882034,false,484.2302353358944,78653.34309137249,0.1958608039964143,12.324085611905629,Monday
23,GMVD,2023-01-30T00:00:00.000,5.9,5.7042,183.1891525423731,false,1016.9491525423731,78836.53224391486,0.2323658173796868,14.655132203389849,Monday
24,BBAI,2023-01-30T00:00:00.000,2.812,2.942,-299.5732574679952,false,2133.71266002845,78536.95898644686,-0.38144239519089684,23.965860597439615,Monday
25,CNTX,2023-01-31T00:00:00.000,1.3185,1.098,923.1399317406139,false,4550.625711035266,79460.09891818748,1.1617653945926791,73.85119453924911,Tuesday
26,MSGM,2023-01-31T00:00:00.000,7.3899,7.3899,-1620,true,811.9189704867454,77840.09891818748,-2.0811895443538346,129.6,Tuesday
27,HILS,2023-01-31T00:00:00.000,1.535,1.38,557.3941368078176,false,3908.7947882736153,78397.4930549953,0.7109846438798871,44.59153094462541,Tuesday
28,MGAM,2023-02-01T00:00:00.000,3.76,3.3501,601.7680851063833,false,1595.7446808510647,78999.26114010168,0.7617388775816198,48.141446808510665,Wednesday
29,ELYS,2023-02-02T00:00:00.000,1.3961,1.031,1443.5584843492588,false,4297.686412148128,80442.81962445093,1.7945150245709232,115.4846787479407,Thursday
30,GENE,2023-02-03T00:00:00.000,9.4,9.4,-1620,true,638.2978723404257,78822.81962445093,-2.0552423875705585,129.6,Friday
31,SECO,2023-02-06T00:00:00.000,3.51,3.51,-1620,true,1709.4017094017104,77202.81962445093,-2.098368955797735,129.6,Monday
32,SOUN,2023-02-06T00:00:00.000,3.9886,4.075,-140.368048939478,false,1504.2872185729336,77062.45157551146,-0.1821484342500252,11.22944391515824,Monday
33,BBAI,2023-02-06T00:00:00.000,6.0129,5.9198,85.4682432769543,false,997.8546125829464,77147.9198187884,0.11078489669936581,6.837459462156344,Monday
34,CELZ,2023-02-08T00:00:00.000,11.491,12.4,-512.6029066225747,false,522.1477678182926,76635.31691216583,-0.6688860009675242,41.00823252980597,Wednesday
35,AWINW,2023-02-09T00:00:00.000,0.1832,0.13,1602.9694323144101,false,32751.09170305676,78238.28634448024,2.0488299363518725,128.23755458515282,Thursday
36,HILS,2023-02-10T00:00:00.000,2.2899,2.1113,430.5305908554957,false,2620.2017555351767,78668.81693533574,0.547269690364587,34.44244726843966,Friday
37,AMST,2023-02-14T00:00:00.000,8.4708,5.8068,1735.996600084999,false,708.3156254426975,80404.81353542073,2.1590704881371816,138.87972800679992,Tuesday
38,RUBY,2023-02-14T00:00:00.000,0.258,0.1913,1427.0697674418607,false,23255.81395348837,81831.8833028626,1.7439043436898876,114.16558139534885,Tuesday
39,INZY,2023-02-16T00:00:00.000,2.9205,2.9801,-132.24036979969205,false,2054.4427324088338,81699.6429330629,-0.16186162515794286,10.579229583975364,Thursday
40,LLAP,2023-02-22T00:00:00.000,2.7,3.1096,-983.0399999999996,false,2222.2222222222226,80716.60293306291,-1.2178906994081753,78.64319999999996,Wednesday
41,BAER,2023-02-24T00:00:00.000,10.19,7.445,1486.9872423945044,false,588.8125613346419,82203.59017545742,1.808907906845238,118.95897939156035,Friday
42,LHDX,2023-02-27T00:00:00.000,0.6261,0.5347,805.8265452803068,false,9583.1336847149,83009.41672073772,0.9707652181092754,64.46612362242455,Monday
43,RNER,2023-02-28T00:00:00.000,6.6901,5.505,977.8257425150604,false,896.8475807536513,83987.24246325278,1.1642550866494894,78.22605940120484,Tuesday
44,CDIO,2023-02-28T00:00:00.000,3.575,3.3801,300.9365034965037,false,1678.3216783216787,84288.17896674928,0.35703286888570657,24.074920279720295,Tuesday
45,ONCS,2023-03-01T00:00:00.000,2.53,2.2099,698.3999999999993,false,2371.541501976285,84986.57896674928,0.8217768128697662,55.87199999999994,Wednesday
46,ONCS,2023-03-02T00:00:00.000,2.75,2.47,562.0363636363633,false,2181.818181818182,85548.61533038564,0.6569789136455327,44.962909090909065,Thursday
47,BRTX,2023-03-02T00:00:00.000,3.59,3.65,-108.30083565459621,false,1671.3091922005572,85440.31449473105,-0.12675612946307088,8.664066852367696,Thursday
48,RUBY,2023-03-03T00:00:00.000,0.14,0.1357,169.54285714285817,false,42857.142857142855,85609.85735187391,0.19804127980963987,13.563428571428654,Friday
49,OBSV,2023-03-03T00:00:00.000,0.2142,0.2037,270.58823529411796,false,28011.204481792724,85880.44558716803,0.3150754906359596,21.647058823529438,Friday
50,UNCY,2023-03-06T00:00:00.000,1.48,1.1814,1113.697297297297,false,4054.054054054053,86994.14288446533,1.2801980229592806,89.09578378378376,Monday
51,BBIO,2023-03-06T00:00:00.000,18.3115,17.115,360.68481555306795,false,327.6629440515524,87354.8277000184,0.4128962589127652,28.854785244245438,Monday
52,OBSV,2023-03-06T00:00:00.000,0.1931,0.1949,-60.40393578456744,false,31071.983428275496,87294.42376423384,-0.06919564066051612,4.832314862765395,Monday
53,VRAX,2023-03-07T00:00:00.000,14.1,13.699,156.9872340425531,false,425.531914893617,87451.41099827639,0.1795136662182011,12.558978723404248,Tuesday
54,DSEY,2023-03-08T00:00:00.000,8.16,8.185,-19.852941176470882,false,735.2941176470591,87431.55805709992,-0.02270683677340543,1.5882352941176705,Wednesday
55,FRTX,2023-03-08T00:00:00.000,2.8941,1.82,2048.6617601326834,false,2073.183373069348,89480.2198172326,2.2895135531821085,163.89294081061468,Wednesday
56,KBAL,2023-03-08T00:00:00.000,12.254,12.3,-24.325118328709607,false,489.6360372123389,89455.8946989039,-0.027192303436888728,1.9460094662967686,Wednesday
57,OCEA,2023-03-09T00:00:00.000,8.03,8.1601,-104.98729763387341,false,747.19800747198,89350.90740127003,-0.11749997922503597,8.398983810709874,Thursday
58,ARDS,2023-03-13T00:00:00.000,0.5588,0.5175,407.97423049391574,false,10737.294201861136,89758.88163176394,0.4545224083424202,32.63793843951326,Monday
59,PACW,2023-03-14T00:00:00.000,14.05,15.2199,-539.5695373665483,false,427.0462633451958,89219.31209439739,-0.6047676502993694,43.16556298932386,Tuesday
60,AIMD,2023-03-14T00:00:00.000,6.242,6.147,84.01153476449834,false,961.2303748798461,89303.3236291619,0.0940743651528155,6.720922781159867,Tuesday
61,MVLA,2023-03-15T00:00:00.000,2.1225,1.97,396.6077738515902,false,2826.855123674911,89699.93140301348,0.44214947285708417,31.728621908127216,Wednesday
62,THMO,2023-03-15T00:00:00.000,4.51,3.93,709.8891352549888,false,1330.3769401330383,90409.82053826847,0.7851902935196167,56.791130820399104,Wednesday
63,JNCE,2023-03-15T00:00:00.000,1.481,1.51,-126.8872383524642,false,4051.3166779203243,90282.93329991601,-0.1405439917763308,10.150979068197136,Wednesday
64,ENZ,2023-03-17T00:00:00.000,2.1101,2.12,-30.40235059949773,false,2843.467134259041,90252.53094931651,-0.033685870390239694,2.4321880479598184,Friday
65,USX,2023-03-21T00:00:00.000,5.92,5.995,-82.09459459459477,false,1013.5135135135132,90170.43635472191,-0.09104380317251927,6.567567567567582,Tuesday
66,NVOS,2023-03-21T00:00:00.000,1.312,1.257,231.40243902439087,false,4573.170731707316,90401.8387937463,0.2559709427507779,18.51219512195127,Tuesday
67,QNCX,2023-03-21T00:00:00.000,1.4297,1.3685,236.29013079667027,false,4196.684619150869,90638.12892454297,0.2606961701442269,18.903210463733622,Tuesday
68,VORB,2023-03-22T00:00:00.000,0.648,0.6659,-179.00000000000026,false,9259.259259259257,90459.12892454297,-0.19787942038366763,14.320000000000022,Wednesday
69,ETNB,2023-03-22T00:00:00.000,14.9,14.35,203.75838926174524,false,402.6845637583893,90662.8873138047,0.22474288575929807,16.30067114093962,Wednesday
70,BOXD,2023-03-23T00:00:00.000,0.316,0.2695,812.2784810126578,false,18987.341772151896,91475.16579481737,0.8879770525200605,64.98227848101263,Thursday
71,PYXS,2023-03-27T00:00:00.000,2.965,2.755,390.9612141652613,false,2023.6087689713322,91866.12700898263,0.4255771162825155,31.276897133220906,Monday
72,VORB,2023-03-27T00:00:00.000,0.65,0.6701,-200.38153846153858,false,9230.769230769232,91665.74547052108,-0.21860023876201343,16.030523076923085,Monday
73,SI,2023-03-27T00:00:00.000,1.8171,1.8171,-1620,true,3301.964668978042,90045.74547052108,-1.7990855553862353,129.6,Monday
74,VKTX,2023-03-28T00:00:00.000,13.1332,14.2367,-544.473547954802,false,456.85743002467046,89501.27192256629,-0.6083416875079313,43.557883836384164,Tuesday
75,OSCR,2023-03-28T00:00:00.000,5.51,5.51,-1620,true,1088.9292196007264,87881.27192256629,-1.843396169126239,129.6,Tuesday
76,SCYX,2023-03-30T00:00:00.000,2.575,2.5891,-35.48271844660196,false,2330.0970873786414,87845.78920411969,-0.040392053811656045,2.8386174757281566,Thursday
77,BOXD,2023-03-30T00:00:00.000,0.2158,0.2166,-24.022242817423397,false,27803.521779425395,87821.76696130227,-0.027353404114504487,1.9217794253938718,Thursday
78,FRBK,2023-04-03T00:00:00.000,1.56,1.58,-83.07692307692312,false,3846.153846153845,87738.69003822535,-0.0946867602430909,6.64615384615385,Monday
79,INDO,2023-04-03T00:00:00.000,6.47,5.94,452.1792890262744,false,927.3570324574957,88190.86932725162,0.5127280096858594,36.17434312210195,Monday
80,ENSV,2023-04-03T00:00:00.000,0.593751,0.5857,74.84874972842178,false,10105.246138532817,88265.71807698005,0.08479934379862317,5.9878999782737425,Monday
81,SOUN,2023-04-03T00:00:00.000,2.675,2.7086,-81.39364485981379,false,2242.990654205607,88184.32443212024,-0.09229944821141815,6.511491588785104,Monday
82,CDLX,2023-04-04T00:00:00.000,4.365,4.365,-1620,true,1374.5704467353946,86564.32443212024,-1.8714407010365217,129.6,Tuesday
83,BFRG,2023-04-04T00:00:00.000,8.6,6.389,1419.1534883720924,false,697.674418604651,87983.47792049233,1.6129772565418852,113.5322790697674,Tuesday
84,SECO,2023-04-04T00:00:00.000,1.49,1.2918,734.271140939597,false,4026.845637583892,88717.74906143192,0.8276485243456262,58.74169127516776,Tuesday
85,IFRX,2023-04-05T00:00:00.000,5.5101,5.5101,-1620.0000000000005,true,1088.9094571786354,87097.74906143192,-1.8599791813877755,129.60000000000005,Wednesday
86,LMNL,2023-04-05T00:00:00.000,7,6.6,315.42857142857173,false,857.1428571428571,87413.17763286049,0.3608478492263338,25.23428571428574,Wednesday
87,YVR,2023-04-06T00:00:00.000,1.104,1.104,-1620,true,5434.782608695652,85793.17763286049,-1.8882620328303446,129.6,Thursday
88,ONCS,2023-04-10T00:00:00.000,1.6113,1.6113,-1620,true,3723.7013591509963,84173.17763286049,-1.9246035917355766,129.6,Monday
89,PLXP,2023-04-10T00:00:00.000,0.250999,0.2549,-100.71147693815483,false,23904.4777070825,84072.46615592233,-0.11979127239038462,8.056918155052387,Monday
90,JFBR,2023-04-10T00:00:00.000,113.75,122.0037,-470.18879999999973,false,52.747252747252745,83602.27735592233,-0.5624114735514342,37.61510399999998,Monday
91,WW,2023-04-11T00:00:00.000,5.6999,5.9097,-238.5136581343528,false,1052.6500464920439,83363.76369778797,-0.28611191188418195,19.081092650748225,Tuesday
92,ZFOX,2023-04-11T00:00:00.000,2.53,2.31,479.9999999999995,false,2371.541501976285,83843.76369778797,0.5724933839207689,38.39999999999996,Tuesday
93,NCMI,2023-04-11T00:00:00.000,2.57,2.328,519.7821011673151,false,2334.630350194552,84363.5457989553,0.6161216864995162,41.582568093385206,Tuesday
94,HTCR,2023-04-12T00:00:00.000,1.545,1.445,357.28155339805784,false,3883.495145631068,84720.82735235336,0.42171631765601886,28.582524271844626,Wednesday
95,CELZ,2023-04-12T00:00:00.000,11.35,10.3,510.66079295154134,false,528.6343612334801,85231.4881453049,0.5991456961081723,40.85286343612331,Wednesday
96,NCMI,2023-04-12T00:00:00.000,3.51,3.51,-1620,true,1709.4017094017104,83611.4881453049,-1.9375327911694025,129.6,Wednesday
97,CNSL,2023-04-13T00:00:00.000,3.755,3.835,-138.05592543275648,false,1597.869507323569,83473.43221987215,-0.1653890606404107,11.044474034620519,Thursday
98,CXAI,2023-04-13T00:00:00.000,3.38,3.38,-1620,true,1775.1479289940833,81853.43221987215,-1.9791473076515673,129.6,Thursday
99,PTPI,2023-04-14T00:00:00.000,1.73,1.73,-1620,true,3468.208092485548,80233.43221987215,-2.0191084379396145,129.6,Friday
100,SAI,2023-04-14T00:00:00.000,5.91,4.98,868.6294416243653,false,1015.2284263959391,81102.06166149651,1.071032503772651,69.49035532994922,Friday
101,CXAI,2023-04-14T00:00:00.000,17.0051,13.02,1293.597332564936,false,352.8353258728264,82395.65899406145,1.5699823854290313,103.48778660519488,Friday
102,CXAIW,2023-04-14T00:00:00.000,0.2601,0.1682,1950.357554786621,false,23068.05074971165,84346.01654884807,2.3123291823237353,156.02860438292967,Friday
103,STSA,2023-04-17T00:00:00.000,1.2993,1.14,676.7767259293468,false,4617.871161394598,85022.79327477742,0.7959944620287099,54.14213807434774,Monday
104,CFRX,2023-04-17T00:00:00.000,3.4,2.7094,1121.2094117647055,false,1764.705882352941,86144.00268654212,1.3015524897821664,89.69675294117644,Monday
105,BLBX,2023-04-17T00:00:00.000,7.64,5.77,1351.099476439791,false,785.3403141361259,87495.10216298192,1.5442001243944192,108.08795811518328,Monday
106,PRST,2023-04-17T00:00:00.000,2.3789,2.3789,-1620,true,2522.174114086343,85875.10216298192,-1.8864606378288906,129.6,Monday
107,CXAI,2023-04-17T00:00:00.000,10.38,9.0611,701.3803468208098,false,578.0346820809248,86576.48250980272,0.8101280237868236,56.110427745664786,Monday
108,GSMG,2023-04-18T00:00:00.000,1.25,0.783,2062.272,false,4800,88638.75450980272,2.3266030884627664,164.98176,Tuesday
109,BLU,2023-04-18T00:00:00.000,14.4,14.4,0,false,416.6666666666667,88638.75450980272,0,0,Tuesday
110,GMDA,2023-04-18T00:00:00.000,1.54,1.5915,-216.7012987012982,false,3896.103896103896,88422.05321110142,-0.24507607642172607,17.336103896103857,Tuesday
111,PTPI,2023-04-18T00:00:00.000,4.92,4.28,718.0487804878043,false,1219.5121951219508,89140.10199158922,0.8055283362313804,57.44390243902434,Tuesday
112,LUNRW,2023-04-19T00:00:00.000,1.2383,0.7399,2221.729790842284,false,4845.352499394332,91361.8317824315,2.431792081547902,177.73838326738272,Wednesday
113,GETR,2023-04-20T00:00:00.000,0.5499,0.4525,977.7195853791603,false,10911.074740861974,92339.55136781067,1.058830772833916,78.21756683033283,Thursday
114,UIHC,2023-04-20T00:00:00.000,2.2782,2.1601,286.152225441138,false,2633.658151171978,92625.7035932518,0.3089339290719142,22.89217803529104,Thursday
115,AUGX,2023-04-20T00:00:00.000,3.0376,2.8403,358.5383197260993,false,1975.2436133789838,92984.2419129779,0.3855904101058846,28.683065578087945,Thursday
116,GETY,2023-04-24T00:00:00.000,7.2,7.21,-8.99999999999981,false,833.3333333333334,92975.2419129779,-0.00967999632463828,0.7199999999999848,Monday
117,SFR,2023-04-24T00:00:00.000,1.28,1.28,-1620,true,4687.499999999999,91355.2419129779,-1.7732972581290525,129.6,Monday
118,TMPO,2023-04-24T00:00:00.000,1.015,0.91,571.0344827586202,false,5911.330049261086,91926.27639573652,0.6211874397047855,45.68275862068962,Monday
119,INAB,2023-04-24T00:00:00.000,2.355,2.355,-1620,true,2547.7707006369424,90306.27639573652,-1.793895246993577,129.6,Monday
120,SPPI,2023-04-25T00:00:00.000,0.921,0.8801,245.13355048859958,false,6514.657980456024,90551.40994622512,0.2707120194309229,19.610684039087968,Tuesday
121,CXAI,2023-04-25T00:00:00.000,8.2922,8.2922,-1620,true,723.5715491666866,88931.40994622512,-1.821628602289763,129.6,Tuesday
122,BXRX,2023-04-25T00:00:00.000,2.8403,2.5899,486.64155194873797,false,2112.452909903884,89418.05149817385,0.5442318903120769,38.93132415589904,Tuesday
123,SAI,2023-04-26T00:00:00.000,4.14,4.17,-46.956521739130814,false,1449.2753623188403,89371.09497643472,-0.05254106123631165,3.756521739130465,Wednesday
124,CFRX,2023-04-27T00:00:00.000,2.9,2.4099,932.8799999999999,false,2068.965517241379,90303.97497643472,1.0330442267280477,74.6304,Thursday
125,ATOM,2023-04-27T00:00:00.000,6.73,6.7201,8.120059435364054,false,891.5304606240708,90312.09503587008,0.008991109587413441,0.6496047548291243,Thursday
126,AGBA,2023-04-28T00:00:00.000,8.0558,8.0558,-1620,true,744.8049852280346,88692.09503587008,-1.826543841753673,129.6,Friday
127,MEGL,2023-04-28T00:00:00.000,3.1105,3.1105,-1620,true,1928.9503295290147,87072.09503587008,-1.8605271865028943,129.6,Friday
128,SIEB,2023-04-28T00:00:00.000,2.5411,2.54,2.389516351186713,false,2361.1821652040453,87074.48455222127,0.002744221069438138,0.19116130809493703,Friday
129,TPST,2023-04-28T00:00:00.000,3.11,2.24,1544.1800643086815,false,1929.260450160772,88618.66461652995,1.7424998119647217,123.53440514469452,Friday
130,HUDI,2023-05-01T00:00:00.000,6.81,6.81,-1620,true,881.0572687224671,86998.66461652995,-1.862097547290624,129.6,Monday
131,QH,2023-05-01T00:00:00.000,4.8,4.03,885.4999999999994,false,1249.9999999999998,87884.16461652995,1.0075762839229943,70.83999999999996,Monday
132,SNTG,2023-05-01T00:00:00.000,3.739,3.739,-1620,true,1604.707140946777,86264.16461652995,-1.877952458244261,129.6,Monday
133,NNOX,2023-05-01T00:00:00.000,8.8243,8.8243,-1620,true,679.9406185193159,84644.16461652995,-1.9138944868074632,129.6,Monday
134,ILAG,2023-05-01T00:00:00.000,1.9199,1.9599,-135.0070316162302,false,3125.1627688942144,84509.15758491372,-0.15975432186810865,10.800562529298416,Monday
135,HLP,2023-05-01T00:00:00.000,6.5,4.52,1681.4769230769234,false,923.0769230769231,86190.63450799065,1.9508812444361752,134.51815384615387,Monday
136,HUIZ,2023-05-02T00:00:00.000,9.408,7.05,1383.520408163265,false,637.7551020408163,87574.15491615392,1.5798273012030641,110.68163265306121,Tuesday
137,HOUR,2023-05-02T00:00:00.000,4.3999,3.43,1216.811291165708,false,1363.667356076275,88790.96620731962,1.370422401221036,97.34490329325665,Tuesday
138,WAFU,2023-05-02T00:00:00.000,4.0007,3.007,1371.0660634388978,false,1499.7375459294617,90162.03227075851,1.5206689877193065,109.68528507511182,Tuesday
139,AKLI,2023-05-03T00:00:00.000,1.37,1.27,402.91970802919747,false,4379.56204379562,90564.9519787877,0.44489584461279247,32.2335766423358,Wednesday
140,SNTG,2023-05-03T00:00:00.000,4.69,3.89,941.5778251599148,false,1279.3176972281447,91506.52980394762,1.0289733718208325,75.32622601279319,Wednesday
141,APM,2023-05-03T00:00:00.000,7.22,5.9,1009.1966759002763,false,831.0249307479222,92515.7264798479,1.0908379734985956,80.73573407202211,Wednesday
142,IMGN,2023-05-03T00:00:00.000,11.0475,11.88,-488.30957230142644,false,543.1093007467753,92027.41690754647,-0.5306131462887815,39.064765784114115,Wednesday
143,KUKE,2023-05-03T00:00:00.000,0.9305,0.7965,794.9274583557228,false,6448.146157979581,92822.3443659022,0.8563966615862971,63.594196668457826,Wednesday
144,PACW,2023-05-05T00:00:00.000,5,5.9258,-1199.8367999999996,false,1200,91622.5075659022,-1.309543726618682,95.98694399999997,Friday
145,CVNA,2023-05-05T00:00:00.000,9.59,9.35,138.1438998957248,false,625.6517205422313,91760.65146579793,0.15054808100094552,11.051511991657984,Friday
146,NBTX,2023-05-05T00:00:00.000,5.21,4.63,614.5105566218809,false,1151.631477927063,92375.16202241981,0.6652335359073437,49.16084452975048,Friday
147,BAK,2023-05-08T00:00:00.000,10.9,9.98,465.908256880734,false,550.4587155963303,92841.07027930055,0.5018342156968982,37.27266055045872,Monday
148,PACW,2023-05-08T00:00:00.000,7.0688,5.9052,908.6509732910826,false,848.8003621548212,93749.72125259163,0.9692305866626391,72.6920778632866,Monday
149,EZFL,2023-05-08T00:00:00.000,8.55,6.1725,1534.9473684210536,false,701.7543859649126,95284.66862101268,1.6109069702768102,122.7957894736843,Monday
150,BLCM,2023-05-08T00:00:00.000,1.06,0.9547,548.3547169811321,false,5660.377358490563,95833.02333799381,0.572198077323657,43.86837735849057,Monday
151,IMRN,2023-05-08T00:00:00.000,3.05,2.3801,1212.4091803278682,false,1967.213114754098,97045.43251832169,1.2493212188002474,96.99273442622946,Monday
152,FUBO,2023-05-08T00:00:00.000,1.6371,1.735,-387.5096206706988,false,3665.0174088326935,96657.92289765099,-0.40090828465352446,31.000769653655905,Monday
153,ENSC,2023-05-09T00:00:00.000,94.5,63.45,1813.7142857142858,false,63.492063492063494,98471.63718336528,1.84186466031528,145.09714285714287,Tuesday
154,CLRO,2023-05-09T00:00:00.000,2.1099,1.849,682.5764254230064,false,2843.73666998436,99154.21360878828,0.6883988088656556,54.60611403384051,Tuesday
155,ERYP,2023-05-09T00:00:00.000,1.14,0.9711,817.8315789473684,false,5263.157894736843,99972.04518773565,0.8180602661589823,65.42652631578947,Tuesday
156,UPST,2023-05-10T00:00:00.000,18.93,18.6637,77.65324881141075,false,316.957210776545,100049.69843654707,0.07761467553114068,6.21225990491286,Wednesday
157,CTIC,2023-05-10T00:00:00.000,8.915,8.925,-7.268648345486275,false,673.0229949523276,100042.42978820158,-0.0072655655813984405,0.581491867638902,Wednesday
158,UFAB,2023-05-10T00:00:00.000,0.4299,0.4299,-1620,true,13956.734124214929,98422.42978820158,-1.64596627362902,129.6,Wednesday
159,CHSN,2023-05-10T00:00:00.000,2.48,1.895,1302.096774193548,false,2419.354838709677,99724.52656239513,1.3056936132746229,104.16774193548385,Wednesday
160,POLA,2023-05-11T00:00:00.000,12.18,9.59,1173.7931034482758,false,492.61083743842363,100898.3196658434,1.1633425683754317,93.90344827586206,Thursday
161,ABST,2023-05-11T00:00:00.000,11.3684,11.365,1.6508919460957987,false,527.7787551458428,100899.9705577895,0.0016361669254900983,0.1320713556876639,Thursday
162,GETR,2023-05-12T00:00:00.000,0.5551,0.5398,152.14555935867503,false,10808.863267879662,101052.11611714817,0.1505614777846859,12.171644748694003,Friday
163,GSIT,2023-05-15T00:00:00.000,4.19,4.19,-1620,true,1431.9809069212406,99432.11611714817,-1.629252261001225,129.6,Monday
164,LMFA,2023-05-15T00:00:00.000,7.0134,5.4858,1202.3201300367864,false,855.5051758063136,100634.43624718495,1.194740264737578,96.18561040294291,Monday
165,GDC,2023-05-16T00:00:00.000,6.82,6.82,-1620,true,879.7653958944281,99014.43624718495,-1.6361250554977107,129.6,Tuesday
166,APLD,2023-05-16T00:00:00.000,4.61,5.1648,-779.8490238611705,false,1301.5184381778743,98234.58722332378,-0.7938640003528323,62.387921908893645,Tuesday
167,EPOW,2023-05-17T00:00:00.000,2.57,2.27,644.357976653696,false,2334.630350194552,98878.94519997748,0.651663481391833,51.548638132295686,Wednesday
168,CWD,2023-05-18T00:00:00.000,10,7.3399,1468.3752,false,600,100347.32039997747,1.4632928852979412,117.470016,Thursday
169,WLGS,2023-05-18T00:00:00.000,2.22,1.7914,1065.708108108108,false,2702.702702702702,101413.02850808558,1.0508591684776871,85.25664864864865,Thursday
170,ALIM,2023-05-18T00:00:00.000,2.98,2.57,759.4630872483224,false,2013.422818791946,102172.49159533391,0.7433146391851387,60.75704697986579,Thursday
171,ENVB,2023-05-18T00:00:00.000,2.19,2.19,-1620,true,2739.726027397261,100552.49159533391,-1.6110988144575975,129.6,Thursday
172,SDA,2023-05-19T00:00:00.000,7.6606,6.0699,1146.2110017492105,false,783.228467744041,101698.70259708312,1.127065510648988,91.69688013993684,Friday
173,VECT,2023-05-22T00:00:00.000,16.2703,16.15,40.81399851262742,false,368.7700902872106,101739.51659559575,0.04011617105952933,3.2651198810101936,Monday
174,MBOT,2023-05-22T00:00:00.000,1.72,1.72,-1620,true,3488.372093023256,100119.51659559575,-1.618066142432078,129.6,Monday
175,HEPA,2023-05-22T00:00:00.000,12.3,14.01,-900.8780487804876,false,487.8048780487806,99218.63854681526,-0.90797259665624,72.070243902439,Monday
176,AVRO,2023-05-22T00:00:00.000,19.38,16.8,734.8606811145507,false,309.5975232198143,99953.4992279298,0.735202555979361,58.78885448916406,Monday
177,CWBR,2023-05-23T00:00:00.000,4.21,3.48,957.1496437054632,false,1425.1781472684083,100910.64887163526,0.9485120296104906,76.57197149643706,Tuesday
178,OCEA,2023-05-23T00:00:00.000,8.2801,8.2801,-1620,true,724.6289296022998,99290.64887163526,-1.6315735856398375,129.6,Tuesday
179,HTCR,2023-05-23T00:00:00.000,2.23,2.23,-1620,true,2690.582959641255,97670.64887163526,-1.658635443416684,129.6,Tuesday
180,MCLD,2023-05-23T00:00:00.000,0.457,0.4732,-229.70678336980293,false,13129.102844638948,97440.94208826545,-0.23573949353006707,18.376542669584236,Tuesday
181,GCT,2023-05-24T00:00:00.000,10.53,7.93,1362.9629629629626,false,569.8005698005697,98803.90505122842,1.3794626459918622,109.03703703703701,Wednesday
182,APGN,2023-05-24T00:00:00.000,0.5157,0.5367,-263.87434554973714,false,11634.671320535199,98540.03070567868,-0.2677839083873256,21.109947643978973,Wednesday
183,EEIQ,2023-05-24T00:00:00.000,2.53,2.53,-1619.9999999999998,true,2371.541501976285,96920.03070567868,-1.6714811047878482,129.6,Wednesday
184,UFAB,2023-05-24T00:00:00.000,0.2858,0.2858,-1620,true,20993.701889433167,95300.03070567868,-1.6998945204993188,129.6,Wednesday
185,BMR,2023-05-25T00:00:00.000,6.9216,6.03,711.0540915395283,false,866.8515950069351,96011.08479721821,0.7405958312431546,56.88432732316226,Thursday
186,KBNT,2023-05-25T00:00:00.000,0.84955,0.7279,790.4278735801312,false,7062.562533105764,96801.51267079834,0.8165449606848714,63.234229886410496,Thursday
187,ELEV,2023-05-26T00:00:00.000,5.074,5.1601,-109.9582183681515,false,1182.499014584155,96691.5544524302,-0.11372060258090914,8.796657469452121,Friday
188,SFR,2023-05-26T00:00:00.000,0.3624,0.3218,618.4105960264905,false,16556.291390728475,97309.96504845668,0.6355059275980064,49.47284768211924,Friday
189,ONFO,2023-05-26T00:00:00.000,2.175,1.87,774.0689655172405,false,2758.6206896551716,98084.03401397393,0.7891895692289326,61.92551724137924,Friday
190,ARDS,2023-05-31T00:00:00.000,0.3699,0.3699,-1620,true,16220.600162206007,96464.03401397393,-1.6793823900888536,129.6,Wednesday
191,WLGS,2023-05-31T00:00:00.000,1.84,1.67,510.00000000000034,false,3260.86956521739,96974.03401397393,0.5259139780928465,40.800000000000026,Wednesday
192,MRKR,2023-05-31T00:00:00.000,1.8401,1.6798,480.8738655507857,false,3260.692353676431,97454.90787952472,0.49343216879877355,38.469909244062855,Wednesday
193,VQS,2023-05-31T00:00:00.000,0.4354,0.3947,515.9944878272855,false,13780.431786862655,97970.902367352,0.5266813669761977,41.279559026182845,Wednesday
194,REUN,2023-06-01T00:00:00.000,1.3225,1.11,886.9565217391302,false,4536.862003780719,98857.85888909113,0.8972038558251689,70.95652173913041,Thursday
195,MMV,2023-06-02T00:00:00.000,3.47,2.48,1574.8703170028818,false,1729.1066282420745,100432.72920609401,1.5680847562861238,125.98962536023055,Friday
196,FRZA,2023-06-05T00:00:00.000,2.84,2.69,291.54929577464776,false,2112.6760563380285,100724.27850186866,0.28945285100179585,23.32394366197182,Monday
197,MMV,2023-06-05T00:00:00.000,2.32,2.05,642.4137931034483,false,2586.2068965517237,101366.6922949721,0.6337523485861171,51.39310344827586,Monday
198,TMBR,2023-06-05T00:00:00.000,2.29,2.01,674.9344978165948,false,2620.0873362445423,102041.6267927887,0.6614305544022281,53.994759825327584,Monday
199,HOTH,2023-06-06T00:00:00.000,4.0481,3.37,924.6589758158149,false,1482.1768236950675,102966.2857686045,0.8980211036200676,73.9727180652652,Tuesday
200,VEDU,2023-06-06T00:00:00.000,0.6616,0.513,1239.830713422007,false,9068.923821039903,104206.11648202651,1.1897868909027554,99.18645707376056,Tuesday
201,NVOS,2023-06-06T00:00:00.000,1.518,1.45,247.27272727272754,false,3952.569169960475,104453.38920929923,0.23673020966055303,19.781818181818203,Tuesday
202,FARM,2023-06-07T00:00:00.000,3.0912,3.1096,-38.57142857142804,false,1940.9937888198754,104414.8177807278,-0.03694056973065685,3.0857142857142428,Wednesday
203,MOBQ,2023-06-07T00:00:00.000,4.4966,3.975,640.3131254725791,false,1334.3415024685316,105055.13090620037,0.6095020014246517,51.225050037806334,Wednesday
204,BAOS,2023-06-08T00:00:00.000,11.1353,10.498,315.9228758991682,false,538.8269736783022,105371.05378209954,0.2998194139279238,25.273830071933457,Thursday
205,MIMO,2023-06-08T00:00:00.000,0.2316,0.2316,-1620,true,25906.735751295346,103751.05378209954,-1.5614299237888831,129.6,Thursday
206,TOI,2023-06-09T00:00:00.000,0.75,0.589,1184.9600000000003,false,8000,104936.01378209954,1.1292214724875855,94.79680000000002,Friday
207,SIEN,2023-06-09T00:00:00.000,3.02,2.91,201.05960264900642,false,1986.7549668874176,105137.07338474855,0.19123568516429015,16.084768211920515,Friday
208,AHI,2023-06-09T00:00:00.000,3.2676,3.2676,-1620,true,1836.2100624311413,103517.07338474855,-1.5649592352546926,129.6,Friday
209,ASST,2023-06-12T00:00:00.000,13.0535,11.9625,461.35672425020084,false,459.6468380127935,103978.43010899876,0.4437042603610852,36.90853794001607,Monday
210,AHI,2023-06-12T00:00:00.000,13.04,12.0248,429.7472392638033,false,460.12269938650337,104408.17734826256,0.4116030469819849,34.379779141104265,Monday
211,MGIH,2023-06-13T00:00:00.000,2.86,2.36,965.0349650349652,false,2097.9020979020984,105373.21231329752,0.9158257054608016,77.20279720279721,Tuesday
212,IVA,2023-06-14T00:00:00.000,4.59,4.63,-56.47058823529417,false,1307.1895424836603,105316.74172506222,-0.053619763876397886,4.517647058823534,Wednesday
213,BWV,2023-06-14T00:00:00.000,1.4403,1.2613,686.0237450531134,false,4165.7987919183515,106002.76547011534,0.6471753279366279,54.88189960424908,Wednesday
214,VQS,2023-06-15T00:00:00.000,0.37255,0.328349,654.9175144275936,false,16105.220775734804,106657.68298454293,0.61403688520264,52.39340115420749,Thursday
215,SOFO,2023-06-15T00:00:00.000,1.53,1.23,1082.3529411764707,false,3921.56862745098,107740.0359257194,1.0045967888136693,86.58823529411767,Thursday
216,EVLO,2023-06-16T00:00:00.000,5.452,4.2,1267.6155539251654,false,1100.5135730007341,109007.65147964457,1.1628684195272956,101.40924431401324,Friday
217,SURF,2023-06-16T00:00:00.000,0.8501,0.8333,109.08834254793508,false,7057.993177273263,109116.73982219251,0.09997397532743033,8.727067403834807,Friday
218,ONCR,2023-06-16T00:00:00.000,0.2907,0.2135,1465.9236326109399,false,20639.834881320952,110582.66345480345,1.3256360326409407,117.27389060887519,Friday
219,LMDX,2023-06-21T00:00:00.000,0.42,0.4491,-448.97142857142865,false,14285.71428571428,110133.69202623202,-0.40766038104351493,35.91771428571429,Wednesday
220,AHI,2023-06-21T00:00:00.000,9.4,7.8832,890.716595744681,false,638.2978723404257,111024.4086219767,0.8022709661777637,71.25732765957447,Wednesday
221,OCEA,2023-06-21T00:00:00.000,7.07,6.4,523.111739745403,false,848.6562942008486,111547.52036172211,0.4689586447543396,41.84893917963225,Wednesday
222,ROOT,2023-06-22T00:00:00.000,13.78,12.96,328.4760522496367,false,435.413642960813,111875.99641397175,0.2936072640946013,26.27808417997094,Thursday
223,AGLE,2023-06-22T00:00:00.000,0.718,0.5263,1473.7938718662954,false,8356.545961002786,113349.79028583804,1.3002175550124786,117.90350974930364,Thursday
224,SRGA,2023-06-23T00:00:00.000,0.300101,0.2911,165.5626605709408,false,19993.26893279263,113515.35294640898,0.14585045658898982,13.245012845675264,Friday
225,ONCS,2023-06-23T00:00:00.000,0.2899,0.2899,-1620,true,20696.791997240423,111895.35294640898,-1.4477813039973884,129.6,Friday
226,PIK,2023-06-23T00:00:00.000,7.05,6.1,743.8297872340427,false,851.063829787234,112639.18273364303,0.6603650427693274,59.506382978723416,Friday
227,MEDS,2023-06-26T00:00:00.000,16.3489,15.17,398.04072445240985,false,366.9971680051869,113037.22345809544,0.35213243237522496,31.84325795619279,Monday
228,FEMY,2023-06-26T00:00:00.000,0.66,0.676,-157.0909090909092,false,9090.909090909088,112880.13254900453,-0.1391661274163649,12.567272727272737,Monday
229,CNTG,2023-06-27T00:00:00.000,1.14,1.135,24.210526315788965,false,5263.157894736843,112904.34307532031,0.021443396822775657,1.9368421052631173,Tuesday
230,BDTX,2023-06-27T00:00:00.000,3.63,3.83,-357.02479338843017,false,1652.8925619834715,112547.31828193189,-0.3172219461454251,28.561983471074413,Tuesday
231,KLR,2023-06-28T00:00:00.000,6.57,6.69,-118.35616438356176,false,913.2420091324201,112428.96211754833,-0.10527195319993822,9.46849315068494,Wednesday
232,NERV,2023-06-28T00:00:00.000,8.04,8.5104,-379.1283582089565,false,746.268656716418,112049.83375933938,-0.33835691271372015,30.330268656716523,Wednesday
233,WAVE,2023-06-29T00:00:00.000,2.206,2.15,140.12692656391675,false,2719.85494106981,112189.9606859033,0.1249014846847377,11.210154125113341,Thursday
234,IMNM,2023-06-29T00:00:00.000,8.09,7.4016,469.7117428924594,false,741.6563658838069,112659.67242879575,0.4169297964090311,37.57693943139675,Thursday
235,CYT,2023-06-30T00:00:00.000,2.4839,2.61,-328.96976528845676,false,2415.5561818108617,112330.7026635073,-0.2928582813853693,26.31758122307654,Friday
236,TOP,2023-06-30T00:00:00.000,10.05,9.25,439.4029850746274,false,597.0149253731345,112770.10564858193,0.38964491746058133,35.15223880597019,Friday
237,RNLX,2023-06-30T00:00:00.000,3.14,2.92,386.7515923566882,false,1910.8280254777067,113156.85724093861,0.3417836106328046,30.940127388535057,Friday
238,SQZ,2023-07-03T00:00:00.000,0.3908,0.3908,-1620,true,15353.121801432957,111536.85724093861,-1.4524346839901756,129.6,Monday
239,PLM,2023-07-03T00:00:00.000,1.91,1.965,-186.5968586387441,false,3141.3612565445037,111350.26038229986,-0.16757649061448027,14.927748691099527,Monday
240,BXRX,2023-07-03T00:00:00.000,1.145,1.04,506.2008733624455,false,5240.1746724890845,111856.4612556623,0.45254504539121654,40.49606986899564,Monday
241,CRBU,2023-07-06T00:00:00.000,6.37,6.5278,-160.5249607535321,false,941.9152276295132,111695.93629490877,-0.14371602591673607,12.841996860282569,Thursday
242,PWM,2023-07-07T00:00:00.000,9.2,8.22,587.999999999999,false,652.173913043478,112283.93629490877,0.523672414240665,47.03999999999992,Friday
243,CSTL,2023-07-07T00:00:00.000,19.18,20.08,-304.0667361835239,false,312.82586027111563,111979.86955872524,-0.2715369622966592,24.325338894681913,Friday
244,JUPW,2023-07-10T00:00:00.000,0.66,0.4889,1431.0181818181818,false,9090.909090909088,113410.88774054343,1.2617996475717603,114.48145454545454,Monday
245,NBTX,2023-07-10T00:00:00.000,7.73,7.23,357.0504527813711,false,776.1966364812415,113767.93819332481,0.3138410157127385,28.56403622250969,Monday
246,MOB,2023-07-10T00:00:00.000,3.12,2.78,601.5384615384619,false,1923.0769230769224,114369.47665486328,0.5259606663705783,48.12307692307695,Monday
247,TMC,2023-07-10T00:00:00.000,2.875,2.9104,-79.78852173913066,false,2086.9565217391305,114289.68813312415,-0.06981252905878378,6.383081739130453,Monday
248,BTTX,2023-07-11T00:00:00.000,1.3375,1.12,897.6448598130831,false,4485.981308411214,115187.33299293723,0.779291295743537,71.81158878504665,Tuesday
249,GDTC,2023-07-11T00:00:00.000,7.88,7.15,511.37055837563435,false,761.4213197969544,115698.70355131286,0.44198469185857325,40.909644670050746,Tuesday
250,RXRX,2023-07-12T00:00:00.000,11.72,11.54,84.77815699658774,false,511.9453924914676,115783.48170830945,0.07322128834419345,6.782252559727019,Wednesday
251,ARDS,2023-07-12T00:00:00.000,0.3505,0.332,291.3552068473603,false,17118.402282453637,116074.83691515682,0.25100634606992567,23.308416547788823,Wednesday
252,HCTI,2023-07-12T00:00:00.000,8.97,7.44,941.5384615384619,false,668.8963210702342,117016.37537669529,0.8046211126498254,75.32307692307695,Wednesday
253,ARBB,2023-07-14T00:00:00.000,4.2688,3.07,1550.1724137931037,false,1405.547226386807,118566.54779048839,1.3074281428285468,124.0137931034483,Friday
254,ABOS,2023-07-17T00:00:00.000,10.4,10.06,180.46153846153842,false,576.923076923077,118747.00932894992,0.15197143867567098,14.436923076923074,Monday
255,FXCOR,2023-07-18T00:00:00.000,0.2117,0.175,956.9390647142185,false,28341.99338686821,119703.94839366413,0.7994214706829743,76.55512517713748,Tuesday
256,MICS,2023-07-18T00:00:00.000,2.2142,1.99,558.9305392466804,false,2709.782314154096,120262.87893291081,0.4647573251248063,44.714443139734435,Tuesday
257,BGLC,2023-07-21T00:00:00.000,6.43,6.26,145.9409020217729,false,933.1259720062209,120408.81983493258,0.12120449500447063,11.675272161741832,Friday
258,FRTX,2023-07-21T00:00:00.000,0.8349,0.83,32.39669421487613,false,7186.489399928133,120441.21652914745,0.026898345224731224,2.59173553719009,Friday
259,CEI,2023-07-24T00:00:00.000,0.9858,1.02,-224.80827754108338,false,6086.427267194155,120216.40825160636,-0.1870029897005174,17.98466220328667,Monday
260,TUP,2023-07-24T00:00:00.000,1.8182,1.485,1011.585084149158,false,3299.9670003299952,121227.99333575553,0.834448427557034,80.92680673193264,Monday
261,ELBM,2023-07-25T00:00:00.000,2.48,2.14,756.7741935483867,false,2419.354838709677,121984.76752930392,0.620384174906584,60.54193548387094,Tuesday
262,BFRG,2023-07-25T00:00:00.000,5.185,4.689,528.0462873674056,false,1157.1841851494698,122512.81381667133,0.4310131086839424,42.24370298939245,Tuesday
263,ABVC,2023-07-26T00:00:00.000,6.64,5.64,831.3253012048197,false,903.6144578313257,123344.13911787616,0.6739884903735458,66.50602409638557,Wednesday
264,MNK,2023-07-27T00:00:00.000,1.8205,1.6602,486.0510848667955,false,3295.7978577313943,123830.19020274295,0.39251420358072675,38.88408678934364,Thursday
265,CTCX,2023-07-27T00:00:00.000,4.1401,4.2294,-139.77053694355163,false,1449.2403565131276,123690.41966579939,-0.11300029324922603,11.181642955484131,Thursday
266,FEMY,2023-07-27T00:00:00.000,0.5698,0.5698,-1620,true,10530.010530010533,122070.41966579939,-1.3271028349334637,129.6,Thursday
267,UFAB,2023-07-28T00:00:00.000,0.4745,0.3739,1170.3097997892512,false,12644.88935721812,123240.72946558864,0.9496128470385482,93.62478398314009,Friday
268,YELL,2023-07-31T00:00:00.000,1.0586,1.0586,-1620,true,5667.86321556773,121620.72946558864,-1.3320097709645482,129.6,Monday
269,FOXO,2023-07-31T00:00:00.000,2.759,2.314,890.3225806451608,false,2174.70097861544,122511.0520462338,0.7267283773786928,71.22580645161287,Monday
270,AMSC,2023-08-01T00:00:00.000,14.8699,15.4905,-270.4448584052355,false,403.4996872877425,122240.60718782857,-0.2212397865381051,21.63558867241884,Tuesday
271,ABVC,2023-08-01T00:00:00.000,3.8665,3.56,437.5740333635067,false,1551.791025475236,122678.18122119208,0.3566844804900954,35.00592266908054,Tuesday
272,MEDS,2023-08-02T00:00:00.000,9.88,9.88,-1619.9999999999998,true,607.2874493927123,121058.18122119208,-1.33819951998123,129.6,Wednesday
273,AHI,2023-08-02T00:00:00.000,3.88,3.88,-1620,true,1546.39175257732,119438.18122119208,-1.3563501917363099,129.6,Wednesday
274,MF,2023-08-04T00:00:00.000,1.24,1.24,-1620,true,4838.709677419354,117818.18122119208,-1.3750000069671837,129.6,Friday
275,TKAT,2023-08-04T00:00:00.000,0.2261,0.2261,-1620,true,26536.930561698355,116198.18122119208,-1.3941698423972806,129.6,Friday
276,TMPO,2023-08-04T00:00:00.000,0.296,0.296,-1620,true,20270.270270270266,114578.18122119208,-1.413881755438765,129.6,Friday
277,TUP,2023-08-04T00:00:00.000,5.1525,4.979,185.87481804949033,false,1164.4832605531296,114764.05603924156,0.16196257300799274,14.869985443959227,Friday
278,NKTR,2023-08-07T00:00:00.000,0.7643,0.8085,-374.7429020018319,false,7850.320554755986,114389.31313723973,-0.32760307036045433,29.979432160146555,Monday
279,MF,2023-08-07T00:00:00.000,2.91,2.4913,794.2350515463922,false,2061.8556701030925,115183.54818878612,0.6895386225163328,63.53880412371138,Monday
280,SVFD,2023-08-07T00:00:00.000,8.5442,8.5442,-1620,true,702.2307530254438,113563.54818878612,-1.4265140758960255,129.6,Monday
281,VVOS,2023-08-08T00:00:00.000,11.8925,10.75,530.3006096279169,false,504.5196552449023,114093.84879841404,0.46479333917893767,42.42404877023335,Tuesday
282,INFI,2023-08-08T00:00:00.000,0.1469,0.1365,390.79646017699076,false,40844.111640571806,114484.64525859103,0.3413527283892816,31.263716814159263,Tuesday
283,DRUG,2023-08-08T00:00:00.000,5.9,4.6868,1135.061694915255,false,1016.9491525423731,115619.70695350629,0.9817199202655764,90.8049355932204,Tuesday
284,DBTX,2023-08-09T00:00:00.000,4.85,4.9,-66.80412371134115,false,1237.1134020618554,115552.90282979496,-0.057812588066040276,5.344329896907292,Wednesday
285,TNGX,2023-08-09T00:00:00.000,7.0332,7.0332,-1620,true,853.096741170449,113932.90282979496,-1.421889515463437,129.6,Wednesday
286,EBET,2023-08-09T00:00:00.000,1.425,1.29,522.9473684210527,false,4210.526315789474,114455.85019821601,0.4568987670926442,41.835789473684216,Wednesday
287,RENB,2023-08-09T00:00:00.000,1.8694,1.38,1445.1096608537505,false,3209.5859634107205,115900.95985906976,1.2468487427635953,115.60877286830004,Wednesday
288,AMRS,2023-08-11T00:00:00.000,0.1429,0.1429,-1620,true,41987.40377886633,114280.95985906976,-1.4175589722012918,129.6,Friday
289,TSAT,2023-08-11T00:00:00.000,12.56,12.25,136.24203821656073,false,477.70700636942667,114417.20189728632,0.11907478592149705,10.899363057324859,Friday
290,AMRS,2023-08-14T00:00:00.000,0.1398,0.117701,872.5785407725323,false,42918.45493562231,115289.78043805885,0.7568567981108596,69.80628326180259,Monday
291,AGBA,2023-08-14T00:00:00.000,2.2721,2.0652,502.6574534571545,false,2640.7288411601603,115792.437891516,0.43410214225568494,40.212596276572356,Monday
292,TSHA,2023-08-14T00:00:00.000,1.62,1.6,68.14814814814818,false,3703.7037037037016,115860.58603966415,0.05881909498094381,5.451851851851854,Monday
293,ZYNE,2023-08-14T00:00:00.000,1.3,1.29,42.46153846153851,false,4615.384615384616,115903.04757812568,0.03663539427892684,3.396923076923081,Monday
294,MIMO,2023-08-14T00:00:00.000,0.2122,0.2151,-88.55796418473183,false,28275.212064090487,115814.48961394095,-0.07646535807387596,7.084637134778546,Monday
295,GMVD,2023-08-15T00:00:00.000,0.3047,0.229,1371.3948145717104,false,19691.49983590417,117185.88442851267,1.170273042064471,109.71158516573684,Tuesday
296,TLSA,2023-08-15T00:00:00.000,0.8183,0.795,157.17463033117434,false,7332.274227056094,117343.05905884385,0.13394454822620247,12.573970426493947,Tuesday
297,NVOS,2023-08-15T00:00:00.000,1.14,1.119,101.68421052631538,false,5263.157894736843,117444.74326937017,0.0865804698411179,8.13473684210523,Tuesday
298,DCTH,2023-08-15T00:00:00.000,5.52,5.52,-1620,true,1086.9565217391305,115824.74326937017,-1.3986648744236057,129.6,Tuesday
299,AKU,2023-08-16T00:00:00.000,0.2179,0.1544,1608.6278109224409,false,27535.566773749415,117433.3710802926,1.3698217092163483,128.69022487379527,Wednesday
300,EBET,2023-08-16T00:00:00.000,1.968,1.968,-1620,true,3048.7804878048782,115813.3710802926,-1.3988022150541366,129.6,Wednesday
301,NVOS,2023-08-16T00:00:00.000,2.267,1.941,793.7891486546094,false,2646.6696074106753,116607.16022894722,0.6807379127457344,63.503131892368756,Wednesday
302,GSMG,2023-08-16T00:00:00.000,0.587151,0.5349,491.22886616900877,false,10218.836381101284,117098.38909511623,0.4195009598039775,39.2983092935207,Wednesday
303,AHI,2023-08-17T00:00:00.000,5.15,4.88,289.3980582524278,false,1165.0485436893207,117387.78715336866,0.2465316582502109,23.151844660194225,Thursday
304,TMBR,2023-08-21T00:00:00.000,2.8707,2.83,78.26105131152633,false,2090.082558261052,117466.04820468018,0.0666244012696838,6.2608841049221065,Monday
305,FULC,2023-08-22T00:00:00.000,5.83,5.995,-183.39622641509447,false,1029.1595197255579,117282.65197826509,-0.15637114553743345,14.671698113207558,Tuesday
306,GMVD,2023-08-22T00:00:00.000,0.1926,0.1774,435.63862928348885,false,31152.64797507788,117718.29060754858,0.37006876929247046,34.85109034267911,Tuesday
307,ITOS,2023-08-23T00:00:00.000,17.245,15.84,449.730356625109,false,347.9269353435778,118168.02096417369,0.38058550270674224,35.97842853000872,Wednesday
308,BRSH,2023-08-24T00:00:00.000,4.11,3.2,1222.1897810218982,false,1459.8540145985403,119390.21074519558,1.023693461460014,97.77518248175186,Thursday
309,YS,2023-08-25T00:00:00.000,1.1942,1.18,65.63724669234628,false,5024.284039524367,119455.84799188793,0.054946867646700405,5.250979735387703,Friday
310,GDC,2023-08-28T00:00:00.000,4.2301,4.08,195.87054679558418,false,1418.4061842509632,119651.71853868352,0.16370057128118812,15.669643743646734,Monday
311,TIVC,2023-08-29T00:00:00.000,3.3947,3.14,414.15854125548617,false,1767.461042212862,120065.877079939,0.34494275253554546,33.13268330043889,Tuesday
312,AXLA,2023-08-29T00:00:00.000,8.45,8.3725,50.627218934910445,false,710.0591715976329,120116.50429887392,0.04214842850316372,4.050177514792836,Tuesday
313,NAOV,2023-08-30T00:00:00.000,2.425,2.425,-1620,true,2474.2268041237107,118496.50429887392,-1.367128937334732,129.6,Wednesday
314,AGIL,2023-08-30T00:00:00.000,0.2599,0.2603,-9.973066564062002,false,23085.802231627546,118486.53123230985,-0.008417046613094253,0.7978453251249602,Wednesday
315,DBGI,2023-08-30T00:00:00.000,656.995,524.135,1116.2751619114306,false,9.13248959276707,119602.80639422128,0.933318536215689,89.30201295291445,Wednesday
316,ICCT,2023-08-30T00:00:00.000,127.6,127.6,-1620,true,47.021943573667706,117982.80639422128,-1.3730814255994392,129.6,Wednesday
317,TIO,2023-08-30T00:00:00.000,1.06,1.23,-1039.245283018867,false,5660.377358490563,116943.5611112024,-0.888672512743683,83.13962264150936,Wednesday
318,ICCT,2023-08-31T00:00:00.000,343,329.598,215.68233236151585,false,17.49271137026239,117159.24344356392,0.18409331267610218,17.254586588921267,Thursday
319,ACER,2023-08-31T00:00:00.000,1.28,1.28,-1620,true,4687.499999999999,115539.24344356392,-1.4021210038399656,129.6,Thursday
320,SATX,2023-08-31T00:00:00.000,0.63,0.63,-1620,true,9523.809523809525,113919.24344356392,-1.4220600058694692,129.6,Thursday
321,EOSE,2023-09-01T00:00:00.000,4.425,3.74,854.5084745762705,false,1355.9322033898302,114773.75191814019,0.7445155885343275,68.36067796610165,Friday
322,TAOP,2023-09-01T00:00:00.000,4.39,3.48,1144.2369020501135,false,1366.7425968109337,115917.9888201903,0.9871090015416256,91.53895216400907,Friday
323,MEDS,2023-09-01T00:00:00.000,11.5171,10.8837,303.580588863516,false,520.96447890528,116221.56940905382,0.2612084748185019,24.286447109081283,Friday
324,NVOS,2023-09-01T00:00:00.000,2.102,1.968,351.8934348239768,false,2854.424357754519,116573.46284387779,0.30186410031865807,28.151474785918143,Friday
325,FOXO,2023-09-06T00:00:00.000,2.277,1.86,1010.9090909090907,false,2635.0461133069816,117584.37193478688,0.8597308250026185,80.87272727272726,Wednesday
326,ASXC,2023-09-07T00:00:00.000,0.338,0.375,-709.3491124260349,false,17751.479289940824,116875.02282236084,-0.6069296033457718,56.7479289940828,Thursday
327,BIOC,2023-09-08T00:00:00.000,1.48,1.48,0,false,4054.054054054053,116875.02282236084,0,0,Friday
328,PRZO,2023-09-08T00:00:00.000,1.52,1.4301,326.4789473684215,false,3947.3684210526326,117201.50176972926,0.27856208533050064,26.11831578947372,Friday
329,AGIL,2023-09-12T00:00:00.000,0.15,0.1344,574.08,false,39999.99999999999,117775.58176972927,0.4874355035005655,45.9264,Tuesday
330,PFSW,2023-09-14T00:00:00.000,7.425,7.42,3.7171717171716376,false,808.080808080808,117779.29894144644,0.0031560484317533733,0.297373737373731,Thursday
331,FWBI,2023-09-14T00:00:00.000,17.358,12.684,1486.374006221915,false,345.66194262011743,119265.67294766835,1.2462714287237613,118.90992049775319,Thursday
332,LIFW,2023-09-15T00:00:00.000,62.375,62.375,-1620,true,96.19238476953907,117645.67294766835,-1.3770162211751003,129.6,Friday
333,WORX,2023-09-18T00:00:00.000,5.2425,4.41,876.5665236051498,false,1144.492131616595,118522.2394712735,0.7395797847859643,70.12532188841199,Monday
334,AVGR,2023-09-18T00:00:00.000,6.42,6.42,-1620,true,934.5794392523362,116902.2394712735,-1.3857732814417847,129.6,Monday
335,AVGR,2023-09-19T00:00:00.000,9.5078,8.94,329.65102337028543,false,631.0608132270345,117231.89049464378,0.28119568999473477,26.372081869622836,Tuesday
336,HSTO,2023-09-20T00:00:00.000,0.4924,0.518,-336.8968318440293,false,12185.215272136471,116894.99366279975,-0.28820467095097,26.951746547522344,Wednesday
337,FRTX,2023-09-20T00:00:00.000,0.8869,0.905,-132.24489795918373,false,6765.13699402413,116762.74876484057,-0.11325949359544808,10.579591836734698,Wednesday
338,NIR,2023-09-21T00:00:00.000,0.3012,0.28,388.52589641434247,false,19920.318725099594,117151.27466125491,0.33164461721630634,31.0820717131474,Thursday
339,AMTI,2023-09-21T00:00:00.000,0.2349,0.212,538.1353767560663,false,25542.784163473807,117689.41003801097,0.45725046678563597,43.0508301404853,Thursday
340,LIFW,2023-09-21T00:00:00.000,183.3125,142.5,1228.966928060007,false,32.7309921581998,118918.37696607098,1.0334541720247727,98.31735424480055,Thursday
341,FAZE,2023-09-25T00:00:00.000,0.22,0.231,-324.00000000000017,false,27272.72727272726,118594.37696607098,-0.2732001367085847,25.920000000000016,Monday
342,FEMY,2023-09-26T00:00:00.000,1.14,1.2531,-642.8842105263171,false,5263.157894736843,117951.49275554466,-0.545041182190631,51.430736842105375,Tuesday
343,ICPT,2023-09-26T00:00:00.000,18.49,18.64,-52.568956192537264,false,324.49972958355875,117898.92379935212,-0.044588156107347045,4.205516495402981,Tuesday
344,SPRC,2023-09-27T00:00:00.000,8.112,7.3606,511.3076923076924,false,739.644970414201,118410.23149165981,0.43181039836384927,40.90461538461539,Wednesday
345,BXRX,2023-09-28T00:00:00.000,0.6497,0.56,762.1117438817914,false,9235.03155302447,119172.3432355416,0.6395038674161955,60.968939510543315,Thursday
346,BNOX,2023-09-28T00:00:00.000,5.28,3.0301,2352.1681818181814,false,1136.363636363636,121524.51141735978,1.9355504123279066,188.17345454545452,Thursday
347,CHS,2023-09-28T00:00:00.000,7.475,7.495,-17.33779264214087,false,802.6755852842808,121507.17362471764,-0.014268945713188675,1.3870234113712696,Thursday
348,OPGN,2023-09-29T00:00:00.000,4.216,4.216,-1620,true,1423.1499051233393,119887.17362471764,-1.35127049126296,129.6,Friday
349,RVLP,2023-09-29T00:00:00.000,0.1124,0.0935,928.1850533807825,false,53380.78291814944,120815.35867809843,0.7682674318369135,74.2548042704626,Friday
350,NVOS,2023-09-29T00:00:00.000,3.099,3.09,16.030977734753755,false,1936.108422071636,120831.38965583319,0.013267229467785777,1.2824782187803003,Friday
351,APRN,2023-09-29T00:00:00.000,12.805,12.82,-7.590784849668383,false,468.56696602889474,120823.79887098352,-0.006282524569330811,0.6072627879734707,Friday
352,FEMY,2023-10-02T00:00:00.000,4.0619,3.745,430.65757404170387,false,1477.1412393214994,121254.45644502522,0.35516845043708306,34.45260592333631,Monday
353,RVLP,2023-10-02T00:00:00.000,0.1046,0.112,-458.43212237093707,false,57361.37667304014,120796.02432265428,-0.379509280161766,36.67456978967497,Monday
354,ICCM,2023-10-02T00:00:00.000,0.9247,0.777,881.6956850870549,false,6488.590894344111,121677.72000774133,0.7246155541301728,70.5356548069644,Monday
355,SPRC,2023-10-03T00:00:00.000,5.36,5.01,360.4477611940304,false,1119.402985074627,122038.16776893535,0.29535658211166776,28.835820895522435,Tuesday
356,ALXO,2023-10-03T00:00:00.000,7.4415,7.28,119.79842773634302,false,806.2890546260837,122157.9661966717,0.09806845305812485,9.583874218907441,Tuesday
357,PNT,2023-10-03T00:00:00.000,12.295,12.395,-52.70435136234223,false,488.0032533550223,122105.26184530936,-0.04316304683831842,4.216348108987378,Tuesday
358,MKUL,2023-10-03T00:00:00.000,0.2417,0.2089,749.0939180802651,false,24824.16218452628,122854.35576338963,0.609741440118718,59.92751344642121,Tuesday
359,VQS,2023-10-03T00:00:00.000,0.2144,0.1732,1060.7462686567164,false,27985.074626865666,123915.10203204634,0.8560266273132642,84.85970149253731,Tuesday
360,FRLN,2023-10-04T00:00:00.000,4.7,3.6614,1219.80255319149,false,1276.5957446808513,125134.90458523783,0.9747900134135636,97.58420425531921,Wednesday
361,ORTX,2023-10-05T00:00:00.000,15.9703,15.985,-5.964571736285273,false,375.6973882769891,125128.94001350155,-0.004766740400455474,0.4771657389028219,Thursday
362,PRZO,2023-10-06T00:00:00.000,1.34,0.9852,1461.5641791044782,false,4477.611940298508,126590.50419260602,1.154560674535844,116.92513432835825,Friday
363,PRZO,2023-10-09T00:00:00.000,1.94,1.94,-1620,true,3092.78350515464,124970.50419260602,-1.2963058847095925,129.6,Monday
364,MTEK,2023-10-09T00:00:00.000,1.155,1.255,-561.0389610389601,false,5194.805194805193,124409.46523156707,-0.45096163703837283,44.88311688311681,Monday
365,MOB,2023-10-10T00:00:00.000,1.8099,1.6999,335.48814851649297,false,3315.100281783524,124744.95338008356,0.2689392551972015,26.83905188131944,Tuesday
366,AGIL,2023-10-11T00:00:00.000,0.163,0.194,-1232.3926380368098,false,36809.81595092024,123512.56074204676,-0.9977872943713267,98.59141104294478,Wednesday
367,TPST,2023-10-11T00:00:00.000,2.43,2.43,-1620,true,2469.1358024691363,121892.56074204676,-1.329039270434477,129.6,Wednesday
368,OPGN,2023-10-12T00:00:00.000,21,21,-1620,true,285.7142857142857,120272.56074204676,-1.346940640496112,129.6,Thursday
369,CPHI,2023-10-12T00:00:00.000,0.8645,0.8645,-1620,true,6940.427993059575,118652.56074204676,-1.3653308364089294,129.6,Thursday
370,SECO,2023-10-12T00:00:00.000,2.35,2.35,0,false,2553.1914893617027,118652.56074204676,0,0,Thursday
371,LL,2023-10-12T00:00:00.000,3.905,4.33,-705.2496798975677,false,1536.491677336748,117947.3110621492,-0.5979362085888971,56.41997439180542,Thursday
372,CDIO,2023-10-12T00:00:00.000,0.3265,0.28,786.1562021439508,false,18376.722817764166,118733.46726429314,0.6621184576325201,62.89249617151607,Thursday
373,BCEL,2023-10-12T00:00:00.000,0.4761,0.4761,-1620,true,12602.394454946441,117113.46726429314,-1.3832738777548974,129.6,Thursday
374,SASI,2023-10-13T00:00:00.000,6.1493,6.1493,-1620,true,975.7208137511586,115493.46726429314,-1.4026767386702674,129.6,Friday
375,SFT,2023-10-13T00:00:00.000,0.181999,0.181999,-1620,true,32967.214105572006,113873.46726429314,-1.422631662071097,129.6,Friday
376,BPTH,2023-10-13T00:00:00.000,15.848,15.188,229.8838970217062,false,378.5966683493184,114103.35116131484,0.2014698908331845,18.390711761736494,Friday
377,LQR,2023-10-16T00:00:00.000,14.202,6.594,2957.0595690747773,false,422.4757076468102,117060.41073038962,2.526097038806226,236.56476552598218,Monday
378,PCTI,2023-10-16T00:00:00.000,6.86,6.865,-4.723032069970742,false,874.6355685131191,117055.68769831964,-0.0040348591023984404,0.3778425655976594,Monday
379,BTTX,2023-10-16T00:00:00.000,0.415,0.2829,1757.0891566265068,false,14457.831325301211,118812.77685494615,1.478872224972629,140.56713253012055,Monday
380,PCSA,2023-10-16T00:00:00.000,8.996,8.996,-1620,true,666.9630947087593,117192.77685494615,-1.382337754489028,129.6,Monday
381,CFRX,2023-10-16T00:00:00.000,0.5,0.496749,35.89104000000004,false,12000,117228.66789494615,0.03061626532527317,2.8712832000000033,Monday
382,SPRC,2023-10-17T00:00:00.000,7.1634,7.22,-51.200268029147765,false,837.5910880308235,117177.467626917,-0.04369463606447361,4.096021442331821,Tuesday
383,ATHX,2023-10-17T00:00:00.000,0.1227,0.107599,679.3603911980441,false,48899.755501222484,117856.82801811505,0.5764285384412551,54.34883129584353,Tuesday
384,BXRX,2023-10-18T00:00:00.000,0.2481,0.23,402.7085852478835,false,24183.79685610641,118259.53660336293,0.34052948017084633,32.21668681983068,Wednesday
385,SFT,2023-10-18T00:00:00.000,0.2269,0.2269,-1620,true,26443.3671220802,116639.53660336293,-1.3888944067986742,129.6,Wednesday
386,MDAI,2023-10-19T00:00:00.000,3.92,4.27,-578.5714285714279,false,1530.6122448979586,116060.96517479149,-0.49850647691933375,46.28571428571423,Thursday
387,XRTX,2023-10-20T00:00:00.000,4.5225,4.5225,-1620,true,1326.6998341625206,114440.96517479149,-1.4155770160848362,129.6,Friday
388,LMDX,2023-10-23T00:00:00.000,0.284,0.2721,231.29577464788662,false,21126.760563380278,114672.26094943938,0.20170159089290843,18.50366197183093,Monday
389,AKU,2023-10-23T00:00:00.000,0.2854,0.2854,-1620,true,21023.125437981773,113052.26094943938,-1.4329655916607598,129.6,Monday
390,INVO,2023-10-23T00:00:00.000,2.05,2.05,-1620,true,2926.8292682926817,111432.26094943938,-1.4537980170168576,129.6,Monday
391,LIAN,2023-10-24T00:00:00.000,2.375,2.375,-1620,true,2526.315789473684,109812.26094943938,-1.4752451010419438,129.6,Tuesday
392,INM,2023-10-24T00:00:00.000,36,28.394,1166.2533333333336,false,166.66666666666666,110978.51428277271,1.0508820926920375,93.30026666666669,Tuesday
393,BTAI,2023-10-25T00:00:00.000,3.2099,2.9112,513.668338577526,false,1869.2171095672757,111492.18262135024,0.4607213945412177,41.09346708620208,Wednesday
394,SFR,2023-10-26T00:00:00.000,0.1533,0.1146,1393.5029354207436,false,39138.94324853229,112885.68555677097,1.2344372349317412,111.4802348336595,Thursday
395,PXMD,2023-10-26T00:00:00.000,5.3482,4.2789,1103.649078194533,false,1121.8727796267906,113989.3346349655,0.9682038076007822,88.29192625556264,Thursday
396,ABVC,2023-10-26T00:00:00.000,2.85,2.1798,1298.0715789473686,false,2105.263157894737,115287.40621391287,1.1259439530965156,103.84572631578949,Thursday
397,NXTP,2023-10-26T00:00:00.000,0.62,0.62,-1620,true,9677.419354838708,113667.40621391287,-1.4252106685282242,129.6,Thursday
398,APLM,2023-10-27T00:00:00.000,120.07,87.0478,1518.1356208878162,false,49.97085033730327,115185.54183480068,1.3179914741948509,121.4508496710253,Friday
399,VYNE,2023-10-30T00:00:00.000,3.13,2.725,714.2492012779552,false,1916.9329073482434,115899.79103607863,0.6162644426646251,57.13993610223642,Monday
400,RVPH,2023-10-30T00:00:00.000,3.965,3.87,132.2572509457752,false,1513.2408575031527,116032.04828702442,0.1139833803662718,10.580580075662017,Monday
401,SPRC,2023-10-31T00:00:00.000,6.3,5.28,893.7142857142853,false,952.3809523809523,116925.7625727387,0.7643433457689119,71.49714285714283,Tuesday
402,CDIO,2023-10-31T00:00:00.000,0.307,0.307,-1620.0000000000005,true,19543.973941368084,115305.7625727387,-1.4049601371640474,129.60000000000005,Tuesday
403,TGTX,2023-11-01T00:00:00.000,9.79,10.44,-430.2349336057204,false,612.8702757916242,114875.52763913298,-0.3745227050945518,34.41879468845763,Wednesday
404,MNPR,2023-11-01T00:00:00.000,2.9125,3.03,-261.4248927038621,false,2060.0858369098714,114614.10274642913,-0.22809138355533387,20.913991416308967,Wednesday
405,CLLS,2023-11-01T00:00:00.000,2.33,2.2659,151.8592274678118,false,2575.107296137339,114765.96197389693,0.13232078994149118,12.148738197424944,Wednesday
406,TNON,2023-11-03T00:00:00.000,10.6392,9.84,414.6537333634111,false,563.9521768554025,115180.61570726034,0.3600030533065414,33.17229866907289,Friday
407,LILM,2023-11-06T00:00:00.000,0.9558,0.921,200.97928436911454,false,6277.463904582549,115381.59499162945,0.17418660609059436,16.078342749529163,Monday
408,OGI,2023-11-06T00:00:00.000,1.59,1.495,329.8113207547169,false,3773.584905660378,115711.40631238416,0.2850292216346682,26.384905660377353,Monday
409,GAN,2023-11-08T00:00:00.000,1.665,1.64,82.88288288288337,false,3603.6036036036053,115794.28919526705,0.07157769477138524,6.6306306306306695,Wednesday
410,INBS,2023-11-09T00:00:00.000,5.136,5.136,-1620.0000000000005,true,1168.2242990654208,114174.28919526705,-1.4188833680666832,129.60000000000005,Thursday
411,ASTR,2023-11-09T00:00:00.000,1.17,1.2801,-609.7846153846159,false,5128.205128205129,113564.50457988243,-0.5369500070822633,48.782769230769276,Thursday
412,DRCT,2023-11-10T00:00:00.000,3.67,3.44,345.9400544959126,false,1634.8773841961845,113910.44463437833,0.30369476267631684,27.675204359673007,Friday
413,INVO,2023-11-10T00:00:00.000,1.2991,1.2991,-1620,true,4618.582095296743,112290.44463437833,-1.442687314379044,129.6,Friday
414,MRAI,2023-11-10T00:00:00.000,0.6678,0.587999,659.630907457322,false,8984.725965858044,112950.07554183566,0.5840021835248803,52.77047259658576,Friday
415,TIVC,2023-11-13T00:00:00.000,2.14,1.95,490.09345794392556,false,2803.7383177570086,113440.16899977958,0.4320281451139921,39.20747663551405,Monday
416,BCDA,2023-11-14T00:00:00.000,20.775,17.565,852.9097472924177,false,288.8086642599277,114293.078747072,0.7462479413822493,68.23277978339341,Tuesday
417,THRX,2023-11-14T00:00:00.000,3.095,3.2,-219.83844911147006,false,1938.6106623586427,114073.24029796052,-0.19271693215450852,17.587075928917606,Tuesday
418,AIRE,2023-11-14T00:00:00.000,10,8,1104,false,600,115177.24029796052,0.9585227056525931,88.32000000000001,Tuesday
419,KNTE,2023-11-15T00:00:00.000,2.32,2.45,-363.103448275863,false,2586.2068965517237,114814.13684968466,-0.3162532578642647,29.04827586206904,Wednesday
420,SPRC,2023-11-15T00:00:00.000,6.35,6.64,-295.93700787401576,false,944.8818897637793,114518.19984181064,-0.25841919300408794,23.674960629921262,Wednesday
421,CMMB,2023-11-15T00:00:00.000,0.9489,0.9333,90.74928865001556,false,6323.110970597537,114608.94913046065,0.07918167764256753,7.259943092001245,Wednesday
422,WAVD,2023-11-16T00:00:00.000,8.25,7.41,562.0363636363635,false,727.2727272727273,115170.98549409701,0.48800169697703094,44.96290909090908,Thursday
423,BBLG,2023-11-16T00:00:00.000,6.664,6.3528,257.7767106842732,false,900.3601440576228,115428.76220478129,0.2233210386740122,20.622136854741857,Thursday
424,WLGS,2023-11-17T00:00:00.000,0.6924,0.6924,-1620,true,8665.511265164643,113808.76220478129,-1.423440487899394,129.6,Friday
425,NEPT,2023-11-20T00:00:00.000,0.9,0.811451,543.1005333333333,false,6666.666666666667,114351.86273811462,0.4749380730046581,43.44804266666666,Monday
426,NOGN,2023-11-20T00:00:00.000,0.315,0.2961,331.20000000000056,false,19047.61904761905,114683.06273811462,0.28879591466467447,26.496000000000045,Monday
427,BRSH,2023-11-20T00:00:00.000,0.42,0.4239,-60.17142857142878,false,14285.71428571428,114622.89130954319,-0.05249512369124741,4.813714285714302,Monday
428,ANGH,2023-11-21T00:00:00.000,2.2323,2.37,-399.7204676790758,false,2687.8107781212198,114223.17084186412,-0.3499469194673885,31.977637414326065,Tuesday
429,AGIL,2023-11-22T00:00:00.000,0.2407,0.184399,1291.1571250519314,false,24927.29538845035,115514.32796691605,1.1177462984693345,103.29257000415451,Wednesday
430,ESGL,2023-11-28T00:00:00.000,1.08,1.1301,-300.6000000000002,false,5555.555555555555,115213.72796691605,-0.26090640872788906,24.048000000000016,Tuesday
431,ICCM,2023-11-28T00:00:00.000,1.1403,1.28,-793.8752959747433,false,5261.773217574323,114419.85267094131,-0.6938265322346112,63.51002367797946,Tuesday
432,VVOS,2023-11-29T00:00:00.000,10.77,10.77,-1620,true,557.1030640668525,112799.85267094131,-1.436172088562783,129.6,Wednesday
433,MINM,2023-11-30T00:00:00.000,6.8,6.8,-1620,true,882.3529411764705,111179.85267094131,-1.4570985309673952,129.6,Thursday
434,AMPE,2023-11-30T00:00:00.000,2.72,2.72,-1620.0000000000005,true,2205.882352941176,109559.85267094131,-1.4786438284702759,129.60000000000005,Thursday
435,AGRI,2023-11-30T00:00:00.000,234,166,1604.1025641025642,false,25.641025641025642,111163.95523504388,1.4430060181925581,128.32820512820513,Thursday
436,CMND,2023-11-30T00:00:00.000,5.65,3.65,1953.9823008849567,false,1061.9469026548675,113117.93753592884,1.7273850137731934,156.31858407079653,Thursday
437,HCDI,2023-12-01T00:00:00.000,1.355,1.355,-1620,true,4428.044280442803,111497.93753592884,-1.4529416739013445,129.6,Friday
438,ALT,2023-12-01T00:00:00.000,4.615,4.36,305.0054171180929,false,1300.108342361863,111802.94295304694,0.27280625094652816,24.400433369447434,Friday
439,GGE,2023-12-01T00:00:00.000,0.3851,0.42855,-731.1243832770707,false,15580.368735393404,111071.81856976986,-0.6582447219209022,58.489950662165654,Friday
440,HUBC,2023-12-01T00:00:00.000,3.465,3.001,739.1861471861472,false,1731.6017316017317,111811.00471695601,0.6611032152491252,59.13489177489178,Friday
441,CLSK,2023-12-04T00:00:00.000,8.925,8.3399,361.8769747899165,false,672.2689075630254,112172.88169174593,0.32260647077282373,28.95015798319332,Monday
442,BITF,2023-12-04T00:00:00.000,1.815,1.6884,385.03140495867797,false,3305.785123966943,112557.91309670461,0.3420740438105641,30.802512396694237,Monday
443,ANY,2023-12-04T00:00:00.000,0.9614,0.9001,351.9617224880383,false,6240.898689411273,112909.87481919264,0.31171916809902545,28.156937799043064,Monday
444,GGE,2023-12-04T00:00:00.000,0.3236,0.2954,481.0383189122375,false,18541.409147095186,113390.91313810488,0.42423004242531775,38.483065512979,Monday
445,HA,2023-12-04T00:00:00.000,13.8,13.8801,-37.61217391304341,false,434.78260869565224,113353.30096419183,-0.03318136621793224,3.0089739130434725,Monday
446,LSDI,2023-12-04T00:00:00.000,3.36,3.279,133.07142857142847,false,1785.714285714285,113486.37239276327,0.11725762817660924,10.645714285714277,Monday
447,ATHE,2023-12-04T00:00:00.000,4.31,4.22,115.26682134570751,false,1392.1113689095132,113601.63921410897,0.10146580819002102,9.221345707656601,Monday
448,WNW,2023-12-05T00:00:00.000,4.858,4.0845,878.9048991354459,false,1235.0761630300533,114480.54411324442,0.767732985498419,70.31239193083567,Tuesday
449,GBNH,2023-12-06T00:00:00.000,0.3002,0.270161,552.3493670886082,false,19986.675549633575,115032.89348033303,0.48016645533048546,44.187949367088656,Wednesday
450,SVFD,2023-12-07T00:00:00.000,6.2999,4.8,1314.2189558564423,false,952.3960697788852,116347.11243618948,1.1295673165736926,105.13751646851539,Thursday
451,XCUR,2023-12-08T00:00:00.000,3.0135,2.7,574.2558486809355,false,1991.0403185664507,116921.3682848704,0.491147047887605,45.94046789447484,Friday
452,SOAR,2023-12-08T00:00:00.000,6.8201,6.41,331.92357883315503,false,879.7524962977087,117253.29186370356,0.28308252464159933,26.5538863066524,Friday
453,NXTP,2023-12-11T00:00:00.000,0.6177,0.6177,-1620,true,9713.453132588633,115633.29186370356,-1.4009806119759063,129.6,Monday
454,CADL,2023-12-12T00:00:00.000,1.26,1.1106,654.5142857142857,false,4761.904761904762,116287.80614941785,0.5628399979214521,52.36114285714286,Tuesday
455,CCCC,2023-12-12T00:00:00.000,1.8292,1.8292,-1620,true,3280.1224579050963,114667.80614941785,-1.4127766584188934,129.6,Tuesday
456,ROI,2023-12-13T00:00:00.000,0.1989,0.18,524.5248868778282,false,30165.9125188537,115192.33103629568,0.45534705492899247,41.96199095022626,Wednesday
457,STTK,2023-12-13T00:00:00.000,4.52,4.0264,602.8035398230087,false,1327.4336283185842,115795.1345761187,0.5205776063300412,48.2242831858407,Wednesday
458,CCCC,2023-12-13T00:00:00.000,3.7,4.13,-753.0810810810808,false,1621.621621621622,115042.05349503762,-0.654613733154168,60.24648648648647,Wednesday
459,SVMH,2023-12-14T00:00:00.000,0.6996,0.5401,1258.4905660377353,false,8576.329331046309,116300.54406107536,1.0821020453497083,100.67924528301883,Thursday
460,XBP,2023-12-14T00:00:00.000,9.33,9.33,0,false,643.0868167202574,116300.54406107536,0,0,Thursday
461,HLP,2023-12-15T00:00:00.000,1.04,1.04,0,false,5769.230769230769,116300.54406107536,0,0,Friday
462,GETR,2023-12-15T00:00:00.000,0.3763,0.3419,504.61865532819616,false,15944.72495349455,116805.16271640356,0.4320174242241177,40.3694924262557,Friday
463,BRSH,2023-12-15T00:00:00.000,0.272172,0.23,855.3026762488427,false,22044.8833825669,117660.4653926524,0.7269244375284055,68.42421409990742,Friday
464,BMRA,2023-12-18T00:00:00.000,1.58,1.5897,-39.782278481011915,false,3797.4683544303793,117620.68311417139,-0.03382251949888462,3.1825822784809534,Monday
465,ICCT,2023-12-18T00:00:00.000,55.7,39.938,1562.0509874326756,false,107.71992818671457,119182.73410160407,1.3106353023425497,124.96407899461406,Monday
466,NRXP,2023-12-18T00:00:00.000,4.117,4.494,-593.3835316978378,false,1457.371872722856,118589.35056990624,-0.5003683120332539,47.47068253582703,Monday
467,BRSH,2023-12-18T00:00:00.000,0.2324,0.21721,360.7951807228919,false,25817.555938037873,118950.14575062913,0.3033162998213339,28.863614457831353,Monday
468,CGEN,2023-12-19T00:00:00.000,2.22,1.77,1118.9189189189192,false,2702.702702702702,120069.06466954805,0.9318960899698753,89.51351351351353,Tuesday
469,OSA,2023-12-19T00:00:00.000,0.762701,0.762701,-1620,true,7866.778724559167,118449.06466954805,-1.3676764814644282,129.6,Tuesday
470,PRZO,2023-12-20T00:00:00.000,1.25,1.1,662.3999999999996,false,4800,119111.46466954805,0.5561177522564277,52.99199999999997,Wednesday
471,POL,2023-12-20T00:00:00.000,1.8801,2.1759,-1019.5117280995685,false,3191.3196106590067,118091.95294144849,-0.8633202370741176,81.56093824796548,Wednesday
472,MSAI,2023-12-21T00:00:00.000,7.5,7.5,-1620,true,800,116471.95294144849,-1.39089279357614,129.6,Thursday
473,PRZO,2023-12-21T00:00:00.000,1.8098,1.5401,822.6013924190524,false,3315.2834567355526,117294.55433386753,0.7013125179516839,65.8081113935242,Thursday
474,HOOK,2023-12-21T00:00:00.000,9.03,9.03,-1620,true,664.4518272425248,115674.55433386753,-1.4004808657608907,129.6,Thursday
475,RMCO,2023-12-22T00:00:00.000,3.79,3.3738,606.180474934037,false,1583.1134564643803,116280.73480880157,0.5213077436522646,48.49443799472296,Friday
476,FWBI,2023-12-27T00:00:00.000,10.3685,9.42,504.96407387760974,false,578.6757968847954,116785.69888267918,0.43238519673961756,40.39712591020878,Wednesday
477,CHRS,2023-12-27T00:00:00.000,2.665,2.5899,155.55422138836767,false,2251.4071294559108,116941.25310406755,0.13301911623089752,12.444337711069414,Wednesday
478,ROI,2023-12-27T00:00:00.000,0.28,0.28,-1620,true,21428.571428571428,115321.25310406755,-1.4047714158448215,129.6,Wednesday
479,JTAI,2023-12-27T00:00:00.000,472.5,443.25,341.71428571428567,false,12.698412698412698,115662.96738978184,0.2954396670134837,27.337142857142855,Wednesday
480,NVFY,2023-12-28T00:00:00.000,4.9334,3.46,1648.5928568532859,false,1216.1997810840396,117311.56024663513,1.4053115084202223,131.88742854826287,Thursday
481,SNES,2023-12-28T00:00:00.000,14.098,14.098,-1620,true,425.59228259327546,115691.56024663513,-1.4002750041113023,129.6,Thursday
482,LAES,2023-12-28T00:00:00.000,1.705,1.3455,1163.8944281524932,false,3519.0615835777126,116855.45467478762,0.9960120658395004,93.11155425219945,Thursday
483,CGA,2023-12-29T00:00:00.000,3.41,2.9131,804.3659824046923,false,1759.5307917888563,117659.82065719231,0.683636927127615,64.34927859237538,Friday
484,SXTC,2023-12-29T00:00:00.000,5.05,3.985,1164.1188118811879,false,1188.1188118811879,118823.93946907349,0.9797005696686021,93.12950495049503,Friday
485,YCBD,2023-12-29T00:00:00.000,1.125,1.125,-1620,true,5333.333333333333,117203.93946907349,-1.3822060993329222,129.6,Friday
486,KTRA,2023-12-29T00:00:00.000,8.75,6.72,1280.64,false,685.7142857142857,118484.57946907349,1.080849512855189,102.45120000000001,Friday
